id,O[v,hC,\,DN,R[h,SO[v,LiJnj,LiIj
1,s,,,,100000,,,
,s/sEs,,,,110000,,,
,s/sEs/,,,,310000,,,
,s/sEs//,,,,310100,,,
,s/sEs///@S,,,,310110,L,,
,s/sEs///鏑LS,,,,310120,L,,
,s/sEs///lS,,,,310130,L,,
,s/sEs//,,,,310200,,,
,s/sEs///S,,,,310210,L,,
,s/sEs///ǍS,,,,310220,L,,
,s/sEs//oc,,,,310300,,,
,s/sEs//oc/S,,,,310310,L,,
,s/sEs//oc/ocǗS,,,,310330,L,,
,s/sEs//oc/̂܂iS,,,,310340,L,,
,s/sEs/s,,,,320000,,,
,s/sEs/s/Ŗ,,,,320100,,,
,s/sEs/s/Ŗ/sŒS,,,,320110,L,,
,s/sEs/s/Ŗ/Œ莑YŒS,,,,320120,L,,
,s/sEs/s/[,,,,320700,,,
,s/sEs/s/[/[S,,,,320710,L,,
,s/sEs/s/s,,,,320200,,,
,s/sEs/s/s/sEːВS,,,,320210,L,,
,s/sEs/s/s/۔NS,,,,320220,L,,
,s/sEs/s/s/ÒS,,,,320230,L,,
,s/sEs/s/,,,,320300,,,
,s/sEs/s//S,,,,320310,L,,
,s/sEs/s//݌ʐiS,,,,320320,L,,
,s/sEs/s/SS,,,,320500,,,
,s/sEs/s/SS/hЁEhƒS,,,,320510,L,,
,s/sEs/s/l,,,,320400,,,
,s/sEs/s/l/laEjQS,,,,320410,L,,
,s/sEs/N,,,,330000,,,
,s/sEs/N/,,,,330100,,,
,s/sEs/N//ႪҎxS,,,,330110,L,,
,s/sEs/N//n敟S,,,,330120,L,,
,s/sEs/N//یS,,,,330130,L,,
,s/sEs/N/Ҏx,,,,330200,,,
,s/sEs/N/Ҏx/یS,,,,330210,L,,
,s/sEs/N/Ҏx/S,,,,330220,L,,
,s/sEs/N/qĎx,,,,330300,,,
,s/sEs/N/qĎx/qĎxS,,,,330310,L,,
,s/sEs/N/ۈ珊,,,,330500,,,
,s/sEs/N/ǂ,,,,330400,,,
,s/sEs/N/ǂ/ǂS,,,,330420,L,,
,s/sEs/N/ǂ/ǂƒS,,,,330410,L,,
,s/sEs/N/N,,,,330600,,,
,s/sEs/N/N/NS,,,,330610,L,,
,s/sEs/ss,,,,340000,,,
,s/sEs/ss/݉,,,,340100,,,
,s/sEs/ss/݉/ǗS,,,,340110,L,,
,s/sEs/ss/݉/ێEݒS,,,,340120,L,,
,s/sEs/ss/YƉ,,,,340200,,,
,s/sEs/ss/YƉ/_S,,,,340210,L,,
,s/sEs/ss/YƉ/YƐUS,,,,340220,L,,
,s/sEs/ss/YƉ/HS,,,,340230,L,,
,s/sEs/ss/ssv,,,,340300,,,
,s/sEs/ss/ssv/ynpEvS,,,,340310,L,,
,s/sEs/ss/ssv/JEʒS,,,,340320,L,,
,s/sEs/ss/,,,,340400,,,
,s/sEs/ss//ƖS,,,,340420,L,,
,s/sEs/ss//HS,,,,340410,L,,
,s/sEs/ss/nÂ,,,,340500,,,
,s/sEs/ss/nÂ/pnS,,,,340510,L,,
,s/sEs/ss/nÂ/S,,,,340530,L,,
,s/sEs/ss/nÂ/όE܂ÂS,,,,340520,L,,
,s/sEs/vǗ,,,,350000,,,
,s/sEs/vǗ/v,,,,350100,,,
,s/sEs/vǗ/v/vS,,,,350110,L,,
,s/c,,,,600000,,,
,s/c/cS,,,,600010,L,,
,s/čψ,,,,700000,,,
,s/čψ/čS,,,,700010,L,,
,s/ψ,,,,,,,
,s/ψ/璷,,,,910000,,,
,s/ψ/璷/畔,,,,920000,,,
,s/ψ/璷/畔/瑍,,,,922100,,,
,s/ψ/璷/畔/瑍/S,,,,922110,L,,
,s/ψ/璷/畔/瑍/{ݒS,,,,922120,L,,
,s/ψ/璷/畔/wZ,,,,920100,,,
,s/ψ/璷/畔/wZ/wZS,,,,920120,L,,
,s/ψ/璷/畔/w,,,,922400,,,
,s/ψ/璷/畔/w/wS,,,,922410,L,,
,s/ψ/璷/畔/Љ,,,,920200,,,
,s/ψ/璷/畔/Љ/ЉS,,,,920210,L,,
,s/ψ/璷/畔/Љ/X|[ciS,,,,920220,L,,
,s/ψ/璷/畔/U,,,,922200,,,
,s/ψ/璷/畔/U/US,,,,922210,L,,
,s/ψ/璷/畔/U/S,,,,922220,L,,
,s/ψ/璷/畔/^i,,,,922300,,,
,s/ψ/璷/畔/^i/iS,,,,922310,L,,
,s/ψ/璷/畔/^i/iS,,,,922320,L,,
,s/ψ/璷/畔/씨ct,,,,921400,,,
,s/ψ/璷/畔/˗ct,,,,921500,,,
,s/ψ/璷/畔/˖kct,,,,921600,,,
,s/ψ/璷/畔/ˏwZ,,,,920800,,,
,s/ψ/璷/畔/swZ,,,,,,,
,s/ψ/璷/畔/씨wZ,,,,,,,
,s/ψ/璷/畔/wZ,,,,921000,,,
,s/ψ/璷/畔/쏬wZ,,,,,,,
,s/ψ/璷/畔/kwZ,,,,921100,,,
,s/ψ/璷/畔/˖kwZ,,,,920900,,,
,s/ψ/璷/畔/ГꏬwZ,,,,,,,
,s/ψ/璷/畔/߉ϐ쒆wZ,,,,,,,
,s/ψ/璷/畔/߉ϐ쒆wZ,,,,,,,
,s/ψ/璷/畔/߉ϐkwZ,,,,,,,
,s/ψ/璷/畔/앪Z,,,,,,,
,s/sEs/N/ۈ珊/ۈ珊,,,,,,,2020/10/27 9:28